{
  "f9ab3758-2fad-436b-a999-fc006999c119": {
    "url": "db://assets/scenes/demo.scene",
    "value": {
      "depends": [
        "f9ab3758-2fad-436b-a999-fc006999c119",
        "244e5a2c-8fff-44f1-89bd-a4e01c53bc7e@f9941"
      ]
    }
  },
  "61ee9ecf-b28d-4042-a149-b2a1aa52e44b": {
    "url": "db://assets/scenes",
    "value": {}
  },
  "14ebb050-319e-472a-b190-a239d030aa4f": {
    "url": "db://assets/scripts",
    "value": {}
  },
  "326af43d-fd1a-40e6-b286-9380e44abd4f": {
    "url": "db://assets/scripts/ITouch.ts",
    "value": {}
  },
  "1c4ae0a9-671d-4371-b9db-46dab2e4636f": {
    "url": "db://assets/scripts/Touch.ts",
    "value": {}
  },
  "76d263c7-9041-4e36-855e-08f135771a72": {
    "url": "db://assets/scripts/NewComponent.ts",
    "value": {}
  },
  "3efe3a1e-95f5-480d-8599-57547bb7acba": {
    "url": "db://assets/scripts/CircleSubHole.ts",
    "value": {}
  },
  "81350f91-3dcd-4ab3-885d-032f681a6628": {
    "url": "db://assets/scripts/SubHole.ts",
    "value": {}
  },
  "8ca02e01-f596-4fb9-a968-25329384bb03": {
    "url": "db://assets/scripts/SubHoleStyle.ts",
    "value": {}
  },
  "b3ee9ae1-cbb4-4824-a9d0-67eada150f95": {
    "url": "db://assets/scripts/GraphicUtility.ts",
    "value": {}
  },
  "adc3b85b-c72b-4ee6-a425-d38b1dcaf778": {
    "url": "db://assets/scripts/subHole",
    "value": {}
  },
  "5f6db9bd-54c2-47d4-85e5-bc79ace840a9": {
    "url": "db://assets/scripts/targetWall",
    "value": {}
  },
  "e5ab73f4-354c-45a8-9780-9ea7f6d88c30": {
    "url": "db://assets/scripts/touch",
    "value": {}
  },
  "4d3d1f10-bd17-4b22-a165-a3cac794bb27": {
    "url": "db://assets/scripts/subHole/SubHole.ts",
    "value": {}
  },
  "32916891-765f-4110-af41-4d26f7c42c54": {
    "url": "db://assets/scripts/subHole/SubHoleStyle.ts",
    "value": {}
  },
  "933907e8-623d-4780-ae51-3f0dad71a7db": {
    "url": "db://assets/scripts/targetWall/TargetWall.ts",
    "value": {}
  },
  "b98c7462-918a-4eb7-b212-82f334ffb090": {
    "url": "db://assets/scripts/touch/Touch.ts",
    "value": {}
  },
  "04db2be3-46e3-4488-b595-3dca58f09f0b": {
    "url": "db://assets/scripts/PolygonUtility.ts",
    "value": {}
  },
  "36e1dc28-444e-4539-99c4-eb9b777109cf": {
    "url": "db://assets/scripts/PolygonVisionUtility.ts",
    "value": {}
  },
  "1368f552-e61d-43b0-8523-2c45da035bab": {
    "url": "db://assets/scripts/subHole/CircleSubHole.ts",
    "value": {}
  },
  "a6bccce3-5c90-4bf8-922a-c7278e1171cd": {
    "url": "db://assets/scripts/Main.ts",
    "value": {}
  },
  "fdfbc8fb-f890-4780-bf38-5903d11ec7e9": {
    "url": "db://assets/scenes/scene-2d.scene",
    "value": {
      "depends": [
        "c77ecaa8-c936-46c4-a5b0-98692673ed87"
      ]
    }
  },
  "244e5a2c-8fff-44f1-89bd-a4e01c53bc7e": {
    "url": "db://assets/scenes/13343718294354618.jpg",
    "value": {
      "depends": []
    }
  },
  "244e5a2c-8fff-44f1-89bd-a4e01c53bc7e@6c48a": {
    "url": "db://assets/scenes/13343718294354618.jpg@6c48a",
    "value": {
      "depends": [
        "244e5a2c-8fff-44f1-89bd-a4e01c53bc7e"
      ]
    }
  },
  "244e5a2c-8fff-44f1-89bd-a4e01c53bc7e@f9941": {
    "url": "db://assets/scenes/13343718294354618.jpg@f9941",
    "value": {
      "depends": [
        "244e5a2c-8fff-44f1-89bd-a4e01c53bc7e@6c48a"
      ]
    }
  },
  "d922e295-bd35-4a02-9d40-c72eeb0584a3": {
    "url": "db://assets/scripts/touch/test.js",
    "value": {}
  },
  "d4a9e8bd-9b38-4c2f-8ecb-bc1bb3f4bdb7": {
    "url": "db://assets/scripts/targetWall/TargetWallSprite.ts",
    "value": {}
  }
}
