{
  "/Users/ming/Documents/git-proj/cocos-digHole/assets/scenes.meta": {
    "time": 1712147994172.531
  },
  "/Users/ming/Documents/git-proj/cocos-digHole/assets/scenes": {
    "time": 1712326682799.557,
    "uuid": "61ee9ecf-b28d-4042-a149-b2a1aa52e44b",
    "missing": false
  },
  "/Users/ming/Documents/git-proj/cocos-digHole/assets/scenes/demo.scene.meta": {
    "time": 1712147988124.0847
  },
  "/Users/ming/Documents/git-proj/cocos-digHole/assets/scenes/demo.scene": {
    "time": 1712586536184.619,
    "uuid": "f9ab3758-2fad-436b-a999-fc006999c119",
    "missing": false
  },
  "/Users/ming/Documents/git-proj/cocos-digHole/assets/scripts.meta": {
    "time": 1712148000806.522
  },
  "/Users/ming/Documents/git-proj/cocos-digHole/assets/scripts": {
    "time": 1712416414456.4841,
    "uuid": "14ebb050-319e-472a-b190-a239d030aa4f",
    "missing": false
  },
  "/Users/ming/Documents/git-proj/cocos-digHole/assets/scripts/subHole.meta": {
    "time": 1712315225113.6587
  },
  "/Users/ming/Documents/git-proj/cocos-digHole/assets/scripts/targetWall.meta": {
    "time": 1712315225113.762
  },
  "/Users/ming/Documents/git-proj/cocos-digHole/assets/scripts/touch.meta": {
    "time": 1712315225114.1335
  },
  "/Users/ming/Documents/git-proj/cocos-digHole/assets/scripts/subHole/SubHole.ts.meta": {
    "time": 1712315225115.4146
  },
  "/Users/ming/Documents/git-proj/cocos-digHole/assets/scripts/subHole/SubHoleStyle.ts.meta": {
    "time": 1712315225115.6582
  },
  "/Users/ming/Documents/git-proj/cocos-digHole/assets/scripts/targetWall/TargetWall.ts.meta": {
    "time": 1712315225115.7798
  },
  "/Users/ming/Documents/git-proj/cocos-digHole/assets/scripts/touch/Touch.ts.meta": {
    "time": 1712315225115.898
  },
  "/Users/ming/Documents/git-proj/cocos-digHole/assets/scripts/subHole": {
    "time": 1712316159370.861,
    "uuid": "adc3b85b-c72b-4ee6-a425-d38b1dcaf778",
    "missing": false
  },
  "/Users/ming/Documents/git-proj/cocos-digHole/assets/scripts/targetWall": {
    "time": 1712425202230.7522,
    "uuid": "5f6db9bd-54c2-47d4-85e5-bc79ace840a9",
    "missing": false
  },
  "/Users/ming/Documents/git-proj/cocos-digHole/assets/scripts/touch": {
    "time": 1712419534030.1267,
    "uuid": "e5ab73f4-354c-45a8-9780-9ea7f6d88c30",
    "missing": false
  },
  "/Users/ming/Documents/git-proj/cocos-digHole/assets/scripts/subHole/SubHole.ts": {
    "time": 1712416871720.8088,
    "uuid": "4d3d1f10-bd17-4b22-a165-a3cac794bb27",
    "missing": false
  },
  "/Users/ming/Documents/git-proj/cocos-digHole/assets/scripts/subHole/SubHoleStyle.ts": {
    "time": 1712151929060.9766,
    "uuid": "32916891-765f-4110-af41-4d26f7c42c54",
    "missing": false
  },
  "/Users/ming/Documents/git-proj/cocos-digHole/assets/scripts/targetWall/TargetWall.ts": {
    "time": 1712421581691.4424,
    "uuid": "933907e8-623d-4780-ae51-3f0dad71a7db",
    "missing": false
  },
  "/Users/ming/Documents/git-proj/cocos-digHole/assets/scripts/touch/Touch.ts": {
    "time": 1712421539505.5432,
    "uuid": "b98c7462-918a-4eb7-b212-82f334ffb090",
    "missing": false
  },
  "/Users/ming/Documents/git-proj/cocos-digHole/assets/scripts/PolygonUtility.ts.meta": {
    "time": 1712316159371.9597
  },
  "/Users/ming/Documents/git-proj/cocos-digHole/assets/scripts/PolygonVisionUtility.ts.meta": {
    "time": 1712316159372.2026
  },
  "/Users/ming/Documents/git-proj/cocos-digHole/assets/scripts/subHole/CircleSubHole.ts.meta": {
    "time": 1712316159372.357
  },
  "/Users/ming/Documents/git-proj/cocos-digHole/assets/scripts/PolygonUtility.ts": {
    "time": 1712421530931.7551,
    "uuid": "04db2be3-46e3-4488-b595-3dca58f09f0b",
    "missing": false
  },
  "/Users/ming/Documents/git-proj/cocos-digHole/assets/scripts/PolygonVisionUtility.ts": {
    "time": 1712420988508.6885,
    "uuid": "36e1dc28-444e-4539-99c4-eb9b777109cf",
    "missing": false
  },
  "/Users/ming/Documents/git-proj/cocos-digHole/assets/scripts/subHole/CircleSubHole.ts": {
    "time": 1712421786692.2297,
    "uuid": "1368f552-e61d-43b0-8523-2c45da035bab",
    "missing": false
  },
  "/Users/ming/Documents/git-proj/cocos-digHole/assets/scripts/Main.ts.meta": {
    "time": 1712318420730.53
  },
  "/Users/ming/Documents/git-proj/cocos-digHole/assets/scripts/Main.ts": {
    "time": 1712547921473.7021,
    "uuid": "a6bccce3-5c90-4bf8-922a-c7278e1171cd",
    "missing": false
  },
  "/Users/ming/Documents/git-proj/cocos-digHole/assets/scenes/scene-2d.scene.meta": {
    "time": 1712326325024.3413
  },
  "/Users/ming/Documents/git-proj/cocos-digHole/assets/scenes/scene-2d.scene": {
    "time": 1712326325023.3262,
    "uuid": "fdfbc8fb-f890-4780-bf38-5903d11ec7e9",
    "missing": false
  },
  "/Users/ming/Documents/git-proj/cocos-digHole/assets/scenes/13343718294354618.jpg.meta": {
    "time": 1712326682875.327
  },
  "/Users/ming/Documents/git-proj/cocos-digHole/assets/scenes/13343718294354618.jpg": {
    "time": 1712326682797.7227,
    "uuid": "244e5a2c-8fff-44f1-89bd-a4e01c53bc7e",
    "missing": false
  },
  "/Users/ming/Documents/git-proj/cocos-digHole/assets/scripts/targetWall/TargetWallSprite.ts.meta": {
    "time": 1712425202231.6965
  },
  "/Users/ming/Documents/git-proj/cocos-digHole/assets/scripts/targetWall/TargetWallSprite.ts": {
    "time": 1712586622666.063,
    "uuid": "d4a9e8bd-9b38-4c2f-8ecb-bc1bb3f4bdb7",
    "missing": false
  }
}
