{
  "__type__": "cc.SpriteFrame",
  "content": {
    "name": "13343718294354618",
    "atlas": "",
    "rect": {
      "x": 0,
      "y": 0,
      "width": 3840,
      "height": 2160
    },
    "offset": {
      "x": 0,
      "y": 0
    },
    "originalSize": {
      "width": 3840,
      "height": 2160
    },
    "rotated": false,
    "capInsets": [
      0,
      0,
      0,
      0
    ],
    "vertices": {
      "rawPosition": [
        -1920,
        -1080,
        0,
        1920,
        -1080,
        0,
        -1920,
        1080,
        0,
        1920,
        1080,
        0
      ],
      "indexes": [
        0,
        1,
        2,
        2,
        1,
        3
      ],
      "uv": [
        0,
        2160,
        3840,
        2160,
        0,
        0,
        3840,
        0
      ],
      "nuv": [
        0,
        0,
        1,
        0,
        0,
        1,
        1,
        1
      ],
      "minPos": {
        "x": -1920,
        "y": -1080,
        "z": 0
      },
      "maxPos": {
        "x": 1920,
        "y": 1080,
        "z": 0
      }
    },
    "texture": "244e5a2c-8fff-44f1-89bd-a4e01c53bc7e@6c48a",
    "packable": true,
    "pixelsToUnit": 100,
    "pivot": {
      "x": 0.5,
      "y": 0.5
    },
    "meshType": 0
  }
}