{
  "imports": {
    "cce:/internal/x/cc": "./chunks/90/909f786ffe128f06f5aa1b4e1e3fbbd65262915e.js",
    "cce:/internal/x/prerequisite-imports": "./chunks/46/46cdbec9636fb7ec603b8064da54c9454d637e58.js",
    "file:///Applications/Cocos/Creator/3.7.4/CocosCreator.app/Contents/Resources/resources/3d/engine/editor/assets/tools/debug-view-runtime-control.ts": "./chunks/66/66b66e850204b3ee6da410c92dca2f7f34e85947.js",
    "file:///Users/ming/Documents/git-proj/cocos-digHole/assets/scripts/Main.ts": "./chunks/f6/f63d46ddcae4b31b5091bf8430a7dbd359958f81.js",
    "file:///Users/ming/Documents/git-proj/cocos-digHole/assets/scripts/PolygonUtility.ts": "./chunks/73/73b52276470aa2da02ada87a4179b6fb01772387.js",
    "file:///Users/ming/Documents/git-proj/cocos-digHole/assets/scripts/PolygonVisionUtility.ts": "./chunks/03/0369399537441a46f712f00d8c81d00127335c66.js",
    "file:///Users/ming/Documents/git-proj/cocos-digHole/assets/scripts/subHole/CircleSubHole.ts": "./chunks/67/6705c8aba6e9f5272474ed7ae8a030cb4daf371f.js",
    "file:///Users/ming/Documents/git-proj/cocos-digHole/assets/scripts/subHole/SubHole.ts": "./chunks/67/679f2d578e40babf8ff24b0743194485dcf83443.js",
    "file:///Users/ming/Documents/git-proj/cocos-digHole/assets/scripts/subHole/SubHoleStyle.ts": "./chunks/a9/a9d29333ef9b9b7fadd97e1195748f8ccd38cf73.js",
    "file:///Users/ming/Documents/git-proj/cocos-digHole/assets/scripts/targetWall/TargetWall.ts": "./chunks/f5/f5e23a27ed53e9dbf421c479106f599252a50ccd.js",
    "file:///Users/ming/Documents/git-proj/cocos-digHole/assets/scripts/targetWall/TargetWallSprite.ts": "./chunks/14/14c44898445def447ad08b6caa806f6175d38829.js",
    "file:///Users/ming/Documents/git-proj/cocos-digHole/assets/scripts/touch/Touch.ts": "./chunks/c6/c6ce2a53e33ec73d8882fd32db1a4c9182afff88.js"
  },
  "scopes": {
    "./chunks/90/909f786ffe128f06f5aa1b4e1e3fbbd65262915e.js": {
      "__unresolved_0": "cce:/internal/x/cc-fu/2d",
      "__unresolved_1": "cce:/internal/x/cc-fu/sorting",
      "__unresolved_10": "cce:/internal/x/cc-fu/physics-2d-box2d",
      "__unresolved_11": "cce:/internal/x/cc-fu/physics-2d-framework",
      "__unresolved_12": "cce:/internal/x/cc-fu/profiler",
      "__unresolved_13": "cce:/internal/x/cc-fu/spine",
      "__unresolved_14": "cce:/internal/x/cc-fu/tiled-map",
      "__unresolved_15": "cce:/internal/x/cc-fu/tween",
      "__unresolved_16": "cce:/internal/x/cc-fu/ui",
      "__unresolved_17": "cce:/internal/x/cc-fu/video",
      "__unresolved_18": "cce:/internal/x/cc-fu/webview",
      "__unresolved_2": "cce:/internal/x/cc-fu/animation",
      "__unresolved_3": "cce:/internal/x/cc-fu/audio",
      "__unresolved_4": "cce:/internal/x/cc-fu/base",
      "__unresolved_5": "cce:/internal/x/cc-fu/dragon-bones",
      "__unresolved_6": "cce:/internal/x/cc-fu/gfx-webgl",
      "__unresolved_7": "cce:/internal/x/cc-fu/gfx-webgl2",
      "__unresolved_8": "cce:/internal/x/cc-fu/intersection-2d",
      "__unresolved_9": "cce:/internal/x/cc-fu/particle-2d"
    },
    "./chunks/46/46cdbec9636fb7ec603b8064da54c9454d637e58.js": {
      "__unresolved_0": "./chunks/66/66b66e850204b3ee6da410c92dca2f7f34e85947.js",
      "__unresolved_1": "./chunks/f6/f63d46ddcae4b31b5091bf8430a7dbd359958f81.js",
      "__unresolved_2": "./chunks/73/73b52276470aa2da02ada87a4179b6fb01772387.js",
      "__unresolved_3": "./chunks/03/0369399537441a46f712f00d8c81d00127335c66.js",
      "__unresolved_4": "./chunks/67/6705c8aba6e9f5272474ed7ae8a030cb4daf371f.js",
      "__unresolved_5": "./chunks/67/679f2d578e40babf8ff24b0743194485dcf83443.js",
      "__unresolved_6": "./chunks/a9/a9d29333ef9b9b7fadd97e1195748f8ccd38cf73.js",
      "__unresolved_7": "./chunks/f5/f5e23a27ed53e9dbf421c479106f599252a50ccd.js",
      "__unresolved_8": "./chunks/14/14c44898445def447ad08b6caa806f6175d38829.js",
      "__unresolved_9": "./chunks/c6/c6ce2a53e33ec73d8882fd32db1a4c9182afff88.js"
    },
    "./chunks/c6/c6ce2a53e33ec73d8882fd32db1a4c9182afff88.js": {
      "__unresolved_0": "./chunks/3a/3a1fd7b13056478820ebedd306d3446d1aa408cc.js",
      "__unresolved_1": "./chunks/73/73b52276470aa2da02ada87a4179b6fb01772387.js",
      "cc": "./chunks/90/909f786ffe128f06f5aa1b4e1e3fbbd65262915e.js"
    },
    "./chunks/73/73b52276470aa2da02ada87a4179b6fb01772387.js": {
      "@flatten-js/core": "./chunks/94/942a43b28085c50da13b7f1baa342f2f77e7a611.js",
      "cc": "./chunks/90/909f786ffe128f06f5aa1b4e1e3fbbd65262915e.js"
    },
    "./chunks/14/14c44898445def447ad08b6caa806f6175d38829.js": {
      "cc": "./chunks/90/909f786ffe128f06f5aa1b4e1e3fbbd65262915e.js"
    },
    "./chunks/f5/f5e23a27ed53e9dbf421c479106f599252a50ccd.js": {
      "@flatten-js/core": "./chunks/94/942a43b28085c50da13b7f1baa342f2f77e7a611.js",
      "__unresolved_0": "./chunks/3a/3a1fd7b13056478820ebedd306d3446d1aa408cc.js",
      "__unresolved_1": "./chunks/73/73b52276470aa2da02ada87a4179b6fb01772387.js",
      "cc": "./chunks/90/909f786ffe128f06f5aa1b4e1e3fbbd65262915e.js"
    },
    "./chunks/a9/a9d29333ef9b9b7fadd97e1195748f8ccd38cf73.js": {
      "cc": "./chunks/90/909f786ffe128f06f5aa1b4e1e3fbbd65262915e.js"
    },
    "./chunks/67/679f2d578e40babf8ff24b0743194485dcf83443.js": {
      "__unresolved_0": "./chunks/3a/3a1fd7b13056478820ebedd306d3446d1aa408cc.js",
      "cc": "./chunks/90/909f786ffe128f06f5aa1b4e1e3fbbd65262915e.js"
    },
    "./chunks/67/6705c8aba6e9f5272474ed7ae8a030cb4daf371f.js": {
      "__unresolved_0": "./chunks/3a/3a1fd7b13056478820ebedd306d3446d1aa408cc.js",
      "__unresolved_1": "./chunks/67/679f2d578e40babf8ff24b0743194485dcf83443.js",
      "__unresolved_2": "./chunks/a9/a9d29333ef9b9b7fadd97e1195748f8ccd38cf73.js",
      "__unresolved_3": "./chunks/73/73b52276470aa2da02ada87a4179b6fb01772387.js",
      "cc": "./chunks/90/909f786ffe128f06f5aa1b4e1e3fbbd65262915e.js"
    },
    "./chunks/03/0369399537441a46f712f00d8c81d00127335c66.js": {
      "cc": "./chunks/90/909f786ffe128f06f5aa1b4e1e3fbbd65262915e.js"
    },
    "./chunks/f6/f63d46ddcae4b31b5091bf8430a7dbd359958f81.js": {
      "@flatten-js/core": "./chunks/94/942a43b28085c50da13b7f1baa342f2f77e7a611.js",
      "__unresolved_0": "./chunks/3a/3a1fd7b13056478820ebedd306d3446d1aa408cc.js",
      "__unresolved_1": "./chunks/c6/c6ce2a53e33ec73d8882fd32db1a4c9182afff88.js",
      "__unresolved_2": "./chunks/67/679f2d578e40babf8ff24b0743194485dcf83443.js",
      "__unresolved_3": "./chunks/a9/a9d29333ef9b9b7fadd97e1195748f8ccd38cf73.js",
      "__unresolved_4": "./chunks/f5/f5e23a27ed53e9dbf421c479106f599252a50ccd.js",
      "__unresolved_5": "./chunks/03/0369399537441a46f712f00d8c81d00127335c66.js",
      "cc": "./chunks/90/909f786ffe128f06f5aa1b4e1e3fbbd65262915e.js"
    },
    "./chunks/66/66b66e850204b3ee6da410c92dca2f7f34e85947.js": {
      "cc": "./chunks/90/909f786ffe128f06f5aa1b4e1e3fbbd65262915e.js"
    }
  }
}
