{
  "c77ecaa8-c936-46c4-a5b0-98692673ed87": {
    "assetUuid": "c77ecaa8-c936-46c4-a5b0-98692673ed87",
    "animationUuid": "",
    "expandLevels": [
      "0",
      "0_0"
    ]
  },
  "f9ab3758-2fad-436b-a999-fc006999c119": {
    "assetUuid": "f9ab3758-2fad-436b-a999-fc006999c119",
    "animationUuid": "",
    "expandLevels": [
      "0",
      "0_0",
      "0_0_0",
      "0_0_1",
      "0_0_2",
      "0_0_3"
    ]
  },
  "fdfbc8fb-f890-4780-bf38-5903d11ec7e9": {
    "assetUuid": "fdfbc8fb-f890-4780-bf38-5903d11ec7e9",
    "animationUuid": "",
    "expandLevels": [
      "0",
      "0_0"
    ]
  }
}
