{
  "imports": {
    "cce:/internal/x/cc": "./chunks/ce/cee638a986ad8fae09398db255647defcaa6612a.js",
    "cce:/internal/x/prerequisite-imports": "./chunks/71/7176464a031bb56808bece8fa9be69582126f600.js",
    "file:///Applications/Cocos/Creator/3.7.4/CocosCreator.app/Contents/Resources/resources/3d/engine/editor/assets/tools/debug-view-runtime-control.ts": "./chunks/21/2149071586fb5ee96d3e15df3a10b119fd0c3790.js",
    "file:///Users/ming/Documents/git-proj/cocos-digHole/assets/scripts/Main.ts": "./chunks/5c/5c9e3ae6ed669ea7b48b771d819fa06f3d86a5ef.js",
    "file:///Users/ming/Documents/git-proj/cocos-digHole/assets/scripts/PolygonUtility.ts": "./chunks/bc/bc5707cb3d96e0a47c2da0886ae6d4479bfdeeca.js",
    "file:///Users/ming/Documents/git-proj/cocos-digHole/assets/scripts/PolygonVisionUtility.ts": "./chunks/ca/ca427854e577540833da25324c41935af89b48bf.js",
    "file:///Users/ming/Documents/git-proj/cocos-digHole/assets/scripts/subHole/CircleSubHole.ts": "./chunks/89/899c581d03ea9840382e125e5ef9b1c92a1e967d.js",
    "file:///Users/ming/Documents/git-proj/cocos-digHole/assets/scripts/subHole/SubHole.ts": "./chunks/3d/3d64e9f5d2093301fa5f213bdfa10953c5a55fe2.js",
    "file:///Users/ming/Documents/git-proj/cocos-digHole/assets/scripts/subHole/SubHoleStyle.ts": "./chunks/a9/a9d29333ef9b9b7fadd97e1195748f8ccd38cf73.js",
    "file:///Users/ming/Documents/git-proj/cocos-digHole/assets/scripts/targetWall/TargetWall.ts": "./chunks/35/35b8810b66c39d9d2bcf6f0a1a3bae38f8ec2c5a.js",
    "file:///Users/ming/Documents/git-proj/cocos-digHole/assets/scripts/targetWall/TargetWallSprite.ts": "./chunks/02/021ad156b20bdb18f6e7d57f64d1bb0452caabca.js",
    "file:///Users/ming/Documents/git-proj/cocos-digHole/assets/scripts/touch/Touch.ts": "./chunks/9f/9fd4fda23b0b378cb9584c839e51629df528c208.js"
  },
  "scopes": {
    "./chunks/ce/cee638a986ad8fae09398db255647defcaa6612a.js": {
      "__unresolved_0": "cce:/internal/x/cc-fu/base",
      "__unresolved_1": "cce:/internal/x/cc-fu/gfx-webgl",
      "__unresolved_10": "cce:/internal/x/cc-fu/particle",
      "__unresolved_11": "cce:/internal/x/cc-fu/particle-2d",
      "__unresolved_12": "cce:/internal/x/cc-fu/physics-framework",
      "__unresolved_13": "cce:/internal/x/cc-fu/physics-2d-framework",
      "__unresolved_14": "cce:/internal/x/cc-fu/intersection-2d",
      "__unresolved_15": "cce:/internal/x/cc-fu/primitive",
      "__unresolved_16": "cce:/internal/x/cc-fu/profiler",
      "__unresolved_17": "cce:/internal/x/cc-fu/geometry-renderer",
      "__unresolved_18": "cce:/internal/x/cc-fu/audio",
      "__unresolved_19": "cce:/internal/x/cc-fu/video",
      "__unresolved_2": "cce:/internal/x/cc-fu/gfx-webgl2",
      "__unresolved_20": "cce:/internal/x/cc-fu/xr",
      "__unresolved_21": "cce:/internal/x/cc-fu/light-probe",
      "__unresolved_22": "cce:/internal/x/cc-fu/terrain",
      "__unresolved_23": "cce:/internal/x/cc-fu/webview",
      "__unresolved_24": "cce:/internal/x/cc-fu/tween",
      "__unresolved_25": "cce:/internal/x/cc-fu/tiled-map",
      "__unresolved_26": "cce:/internal/x/cc-fu/spine",
      "__unresolved_27": "cce:/internal/x/cc-fu/dragon-bones",
      "__unresolved_28": "cce:/internal/x/cc-fu/custom-pipeline",
      "__unresolved_3": "cce:/internal/x/cc-fu/gfx-empty",
      "__unresolved_4": "cce:/internal/x/cc-fu/3d",
      "__unresolved_5": "cce:/internal/x/cc-fu/animation",
      "__unresolved_6": "cce:/internal/x/cc-fu/skeletal-animation",
      "__unresolved_7": "cce:/internal/x/cc-fu/2d",
      "__unresolved_8": "cce:/internal/x/cc-fu/sorting",
      "__unresolved_9": "cce:/internal/x/cc-fu/ui"
    },
    "./chunks/71/7176464a031bb56808bece8fa9be69582126f600.js": {
      "__unresolved_0": "./chunks/21/2149071586fb5ee96d3e15df3a10b119fd0c3790.js",
      "__unresolved_1": "./chunks/5c/5c9e3ae6ed669ea7b48b771d819fa06f3d86a5ef.js",
      "__unresolved_2": "./chunks/bc/bc5707cb3d96e0a47c2da0886ae6d4479bfdeeca.js",
      "__unresolved_3": "./chunks/ca/ca427854e577540833da25324c41935af89b48bf.js",
      "__unresolved_4": "./chunks/89/899c581d03ea9840382e125e5ef9b1c92a1e967d.js",
      "__unresolved_5": "./chunks/3d/3d64e9f5d2093301fa5f213bdfa10953c5a55fe2.js",
      "__unresolved_6": "./chunks/a9/a9d29333ef9b9b7fadd97e1195748f8ccd38cf73.js",
      "__unresolved_7": "./chunks/35/35b8810b66c39d9d2bcf6f0a1a3bae38f8ec2c5a.js",
      "__unresolved_8": "./chunks/02/021ad156b20bdb18f6e7d57f64d1bb0452caabca.js",
      "__unresolved_9": "./chunks/9f/9fd4fda23b0b378cb9584c839e51629df528c208.js"
    },
    "./chunks/9f/9fd4fda23b0b378cb9584c839e51629df528c208.js": {
      "__unresolved_0": "./chunks/84/84741ad843cea9a440c5d8c2d379669b6551400d.js",
      "__unresolved_1": "./chunks/bc/bc5707cb3d96e0a47c2da0886ae6d4479bfdeeca.js",
      "cc": "./chunks/ce/cee638a986ad8fae09398db255647defcaa6612a.js"
    },
    "./chunks/bc/bc5707cb3d96e0a47c2da0886ae6d4479bfdeeca.js": {
      "@flatten-js/core": "./chunks/0e/0e18d9a74ee9e8dbb1fa178d9d76b1548c747d89.js",
      "cc": "./chunks/ce/cee638a986ad8fae09398db255647defcaa6612a.js"
    },
    "./chunks/02/021ad156b20bdb18f6e7d57f64d1bb0452caabca.js": {
      "cc": "./chunks/ce/cee638a986ad8fae09398db255647defcaa6612a.js"
    },
    "./chunks/35/35b8810b66c39d9d2bcf6f0a1a3bae38f8ec2c5a.js": {
      "@flatten-js/core": "./chunks/0e/0e18d9a74ee9e8dbb1fa178d9d76b1548c747d89.js",
      "__unresolved_0": "./chunks/84/84741ad843cea9a440c5d8c2d379669b6551400d.js",
      "__unresolved_1": "./chunks/bc/bc5707cb3d96e0a47c2da0886ae6d4479bfdeeca.js",
      "cc": "./chunks/ce/cee638a986ad8fae09398db255647defcaa6612a.js"
    },
    "./chunks/a9/a9d29333ef9b9b7fadd97e1195748f8ccd38cf73.js": {
      "cc": "./chunks/ce/cee638a986ad8fae09398db255647defcaa6612a.js"
    },
    "./chunks/3d/3d64e9f5d2093301fa5f213bdfa10953c5a55fe2.js": {
      "__unresolved_0": "./chunks/84/84741ad843cea9a440c5d8c2d379669b6551400d.js",
      "cc": "./chunks/ce/cee638a986ad8fae09398db255647defcaa6612a.js"
    },
    "./chunks/89/899c581d03ea9840382e125e5ef9b1c92a1e967d.js": {
      "__unresolved_0": "./chunks/84/84741ad843cea9a440c5d8c2d379669b6551400d.js",
      "__unresolved_1": "./chunks/3d/3d64e9f5d2093301fa5f213bdfa10953c5a55fe2.js",
      "__unresolved_2": "./chunks/a9/a9d29333ef9b9b7fadd97e1195748f8ccd38cf73.js",
      "__unresolved_3": "./chunks/bc/bc5707cb3d96e0a47c2da0886ae6d4479bfdeeca.js",
      "cc": "./chunks/ce/cee638a986ad8fae09398db255647defcaa6612a.js"
    },
    "./chunks/ca/ca427854e577540833da25324c41935af89b48bf.js": {
      "cc": "./chunks/ce/cee638a986ad8fae09398db255647defcaa6612a.js"
    },
    "./chunks/5c/5c9e3ae6ed669ea7b48b771d819fa06f3d86a5ef.js": {
      "@flatten-js/core": "./chunks/0e/0e18d9a74ee9e8dbb1fa178d9d76b1548c747d89.js",
      "__unresolved_0": "./chunks/84/84741ad843cea9a440c5d8c2d379669b6551400d.js",
      "__unresolved_1": "./chunks/9f/9fd4fda23b0b378cb9584c839e51629df528c208.js",
      "__unresolved_2": "./chunks/3d/3d64e9f5d2093301fa5f213bdfa10953c5a55fe2.js",
      "__unresolved_3": "./chunks/a9/a9d29333ef9b9b7fadd97e1195748f8ccd38cf73.js",
      "__unresolved_4": "./chunks/35/35b8810b66c39d9d2bcf6f0a1a3bae38f8ec2c5a.js",
      "__unresolved_5": "./chunks/ca/ca427854e577540833da25324c41935af89b48bf.js",
      "cc": "./chunks/ce/cee638a986ad8fae09398db255647defcaa6612a.js"
    },
    "./chunks/21/2149071586fb5ee96d3e15df3a10b119fd0c3790.js": {
      "cc": "./chunks/ce/cee638a986ad8fae09398db255647defcaa6612a.js"
    }
  }
}
